{
  "project_info": {
    "project_number": "500270716585",
    "project_id": "uasmobile114",
    "storage_bucket": "uasmobile114.appspot.com"
  },
  "client": [
    {
      "client_info": {
        "mobilesdk_app_id": "1:500270716585:android:6ba9e4c3b073774f47bbb8",
        "android_client_info": {
          "package_name": "com.example.uas_mobile114"
        }
      },
      "oauth_client": [
        {
          "client_id": "500270716585-2gfimlhle0hdo19i3jl4l48ajgm47pqb.apps.googleusercontent.com",
          "client_type": 3
        }
      ],
      "api_key": [
        {
          "current_key": "AIzaSyDHeM5-TALDkor_OJF8pIA8yNjTRIiUv48"
        }
      ],
      "services": {
        "appinvite_service": {
          "other_platform_oauth_client": [
            {
              "client_id": "500270716585-2gfimlhle0hdo19i3jl4l48ajgm47pqb.apps.googleusercontent.com",
              "client_type": 3
            }
          ]
        }
      }
    }
  ],
  "configuration_version": "1"
}